<?xml version="1.0" encoding="UTF-8"?>
	<root>
	<mode name="ArenaMode" modeid="380" realversion="143.1" prev_version="141.1"/>
	<mode name="ChessPlayerRes" modeid="0" realversion="221.1" prev_version="219.1"/>
	<mode name="CloneImbaMode" modeid="360" realversion="161.1" prev_version="159.1"/>
	<mode name="CloneImbaOneRoadMode" modeid="390" realversion="141.1" prev_version="139.1"/>
	<mode name="CloneMode" modeid="220" realversion="145.1" prev_version="143.1"/>
	<mode name="CommonRes" modeid="0" realversion="115.1" prev_version="113.1"/>
	<mode name="CustomRoomMode" modeid="999" realversion="9.1" prev_version="7.1"/>
	<mode name="DayBreakMode" modeid="400" realversion="125.1" prev_version="123.1"/>
	<mode name="DeathRacingMode" modeid="230" realversion="145.1" prev_version="143.1"/>
	<mode name="DefenceMode" modeid="320" realversion="149.1" prev_version="147.1"/>
	<mode name="DisOrderMode" modeid="130" realversion="47.1" prev_version="45.1"/>
	<mode name="EvolutionMode" modeid="270" realversion="143.1" prev_version="141.1"/>
	<mode name="HotHeroMode" modeid="420" realversion="75.1" prev_version="73.1"/>
	<mode name="ImbaMode" modeid="260" realversion="161.1" prev_version="159.1"/>
	<mode name="Imbaskill1_Mode" modeid="1006" realversion="9.1" prev_version="7.1"/>
	<mode name="MagicChess" modeid="340" realversion="229.1" prev_version="227.1"/>
	<mode name="Mapmode1_Win1_Mode" modeid="1000" realversion="9.1" prev_version="7.1"/>
	<mode name="Mapmode2_Win1_Mode" modeid="1001" realversion="9.1" prev_version="7.1"/>
	<mode name="Mapmode3_Win1_Mode" modeid="1002" realversion="9.1" prev_version="7.1"/>
	<mode name="Mapmode4_Win1_Mode" modeid="1003" realversion="9.1" prev_version="7.1"/>
	<mode name="Mapmode5_Win1_Mode" modeid="1004" realversion="9.1" prev_version="7.1"/>
	<mode name="Mapmode6_Win1_Mode" modeid="1005" realversion="9.1" prev_version="7.1"/>
	<mode name="MonsterRes" modeid="0" realversion="141.1" prev_version="139.1"/>
	<mode name="OverDriveHeroMode" modeid="440" realversion="15.1" prev_version="13.1"/>
	<mode name="PartyMode" modeid="410" realversion="79.1" prev_version="77.1"/>
	<mode name="ResHotFix" modeid="0" realversion="103.1" prev_version="101.1"/>
	<mode name="ScrambleMode" modeid="280" realversion="153.1" prev_version="151.1"/>
	<mode name="SurvivalMode" modeid="200" realversion="81.1" prev_version="79.1"/>
	<mode name="ThemeParkMode" modeid="500" realversion="51.1" prev_version="49.1"/>
	</root>
